CHROM,POS,ID,REF,ALT,QUAL,FILTER,INFO,FORMAT,SAMP,DeepSEA_Score
chr22,10515677,.,G,T,21.4455,.,"DP=2;SGB=-0.379885;MQ0F=0;AC=2;AN=2;DP4=0,0,1,0;MQ=51",GT:PL,"1/1:51,3,0",0.021548286
chr22,10515687,.,G,A,21.4455,.,"DP=2;SGB=-0.379885;MQ0F=0;AC=2;AN=2;DP4=0,0,1,0;MQ=51",GT:PL,"1/1:51,3,0",0.010741949
chr22,10515690,.,A,G,21.4455,.,"DP=2;SGB=-0.379885;MQ0F=0;AC=2;AN=2;DP4=0,0,1,0;MQ=51",GT:PL,"1/1:51,3,0",0.02202101
chr22,10520090,.,A,G,3.7766,.,"DP=1;SGB=-0.379885;MQ0F=0;AC=2;AN=2;DP4=0,0,0,1;MQ=40",GT:PL,"1/1:31,3,0",0.017627284
chr22,10532236,.,T,G,21.6933,.,"DP=14;VDB=0.0221621;SGB=-0.511536;RPB=0.202566;MQB=0.607698;MQSB=0.8;BQB=1.01283;MQ0F=0;AC=1;AN=2;DP4=2,2,3,0;MQ=41",GT:PL,"0/1:55,0,167",0.0025313776
chr22,10567497,.,C,T,67.4148,.,"DP=4;VDB=0.02;SGB=-0.453602;MQSB=1;MQ0F=0;AC=2;AN=2;DP4=0,0,1,1;MQ=48",GT:PL,"1/1:97,6,0",0.0035785288
chr22,10567501,.,C,G,67.4148,.,"DP=4;VDB=0.02;SGB=-0.453602;MQSB=1;MQ0F=0;AC=2;AN=2;DP4=0,0,1,1;MQ=48",GT:PL,"1/1:97,6,0",0.0040305257
chr22,10567509,.,G,A,67.4148,.,"DP=4;VDB=0.14;SGB=-0.453602;MQSB=1;MQ0F=0;AC=2;AN=2;DP4=0,0,1,1;MQ=48",GT:PL,"1/1:97,6,0",0.009185016
chr22,10567516,.,T,C,67.4148,.,"DP=4;VDB=0.26;SGB=-0.453602;MQSB=1;MQ0F=0;AC=2;AN=2;DP4=0,0,1,1;MQ=48",GT:PL,"1/1:97,6,0",0.0063694417
chr22,10567533,.,T,A,3.22451,.,"DP=1;SGB=-0.379885;MQ0F=0;AC=2;AN=2;DP4=0,0,1,0;MQ=37",GT:PL,"1/1:30,3,0",0.010178849
chr22,10580418,.,C,T,20.4535,.,"DP=8;VDB=0.1;SGB=-0.453602;MQ0F=0;AC=2;AN=2;DP4=0,0,2,0;MQ=60",GT:PL,"1/1:50,6,0",0.029942945
chr22,10580424,.,G,A,122.415,.,"DP=11;VDB=2.30147e-05;SGB=-0.651104;MQ0F=0;AC=2;AN=2;DP4=0,0,8,0;MQ=60",GT:PL,"1/1:152,24,0",0.014147103
chr22,10580430,.,A,G,157.416,.,"DP=11;VDB=4.06664e-06;SGB=-0.670168;MQ0F=0;AC=2;AN=2;DP4=0,0,10,0;MQ=60",GT:PL,"1/1:187,30,0",0.022533953
chr22,10580432,.,G,C,158.416,.,"DP=11;VDB=5.38615e-06;SGB=-0.670168;MQ0F=0;AC=2;AN=2;DP4=0,0,10,0;MQ=60",GT:PL,"1/1:188,30,0",0.036339395
chr22,10580443,.,T,G,225.417,.,"DP=57;VDB=2.10285e-10;SGB=-0.693146;MQSB=0.849308;MQ0F=0;AC=2;AN=2;DP4=0,0,40,4;MQ=58",GT:PL,"1/1:255,132,0",0.02664429
chr22,10580462,.,G,C,225.417,.,"DP=49;VDB=3.67242e-10;SGB=-0.693144;MQSB=1;MQ0F=0;AC=2;AN=2;DP4=0,0,32,7;MQ=60",GT:PL,"1/1:255,117,0",0.035721146
chr22,10580463,.,A,G,225.417,.,"DP=49;VDB=6.22313e-11;SGB=-0.693145;MQSB=1;MQ0F=0;AC=2;AN=2;DP4=0,0,33,7;MQ=60",GT:PL,"1/1:255,120,0",0.029719442
chr22,10580467,.,T,C,225.417,.,"DP=53;VDB=2.32355e-10;SGB=-0.693144;MQSB=1;MQ0F=0;AC=2;AN=2;DP4=0,0,32,7;MQ=60",GT:PL,"1/1:255,117,0",0.013227582
chr22,10580500,.,C,T,225.417,.,"DP=20;VDB=0.128242;SGB=-0.689466;MQSB=0.951579;MQ0F=0;AC=2;AN=2;DP4=0,0,8,8;MQ=54",GT:PL,"1/1:255,48,0",0.28030044
chr22,10580504,.,C,T,225.417,.,"DP=17;VDB=0.00189816;SGB=-0.689466;MQSB=0.987474;MQ0F=0;AC=2;AN=2;DP4=0,0,7,9;MQ=54",GT:PL,"1/1:255,48,0",0.26898178
